pdb_id,status,legacy_steps,modern_steps,matched_steps,max_shift,max_slide,max_rise,max_tilt,max_roll,max_twist,error
100D,perfect,9,9,9,0.000000,0.000000,0.000000,0.000001,0.000001,0.000000,
157D,perfect,11,11,11,0.000000,0.000000,0.000000,0.000001,0.000000,0.000001,
161D,perfect,9,9,9,0.000000,0.000000,0.000000,0.000001,0.000001,0.000001,
165D,perfect,7,7,7,0.000000,0.000000,0.000001,0.000003,0.000004,0.000000,
168D,difference,9,9,9,0.896317,1.806210,3.602242,169.807453,12.990591,107.895918,
1A34,perfect,8,8,8,0.000000,0.000000,0.000000,0.000000,0.000001,0.000000,
1A9N,perfect,11,11,11,0.000000,0.000000,0.000000,0.000002,0.000003,0.000001,
1AQ3,perfect,7,7,7,0.000000,0.000000,0.000000,0.000000,0.000000,0.000001,
1AQ4,perfect,8,8,8,0.000000,0.000000,0.000000,0.000001,0.000000,0.000001,
1ASY,difference,56,35,35,25.070596,50.972555,33.766077,97.439256,101.993650,148.646562,
1H4S,difference,24,22,22,11.175261,59.908733,6.019005,168.461084,152.309801,125.740489,
